"date","time","size","r_version","r_arch","r_os","package","version","country","ip_id"
"2021-08-13","15:40:21",51303,NA,NA,NA,"digitTests","0.1.0","US",8001
"2021-08-13","10:10:19",51294,NA,NA,NA,"digitTests","0.1.0","US",133
"2021-08-13","10:10:19",357,NA,NA,NA,"digitTests","0.1.0","US",133
"2021-08-13","17:50:17",51393,"4.0.5","x86_64","mingw32","digitTests","0.1.0","BR",37665
"2021-08-13","15:55:43",51295,"4.1.0","x86_64","linux-gnu","digitTests","0.1.0","IN",2464
"2021-08-13","15:30:23",51297,"4.1.0","x86_64","darwin17.0","digitTests","0.1.0","DE",60785
"2021-08-13","23:38:56",51294,NA,NA,NA,"digitTests","0.1.0","IT",3433
"2021-08-13","23:42:06",51393,"4.1.0","x86_64","mingw32","digitTests","0.1.0","FR",9697
"2021-08-13","17:03:02",51306,"4.0.3","x86_64","darwin17.0","digitTests","0.1.0",NA,3
"2021-08-13","14:05:54",51393,"4.1.0","x86_64","mingw32","digitTests","0.1.0","NL",52201
"2021-08-13","10:32:31",51392,"3.2.3","x86_64","linux-gnu","digitTests","0.1.0","US",28169
"2021-08-14","15:40:42",90838,"4.0.3","x86_64","mingw32","digitTests","0.1.0","GB",21968
"2021-08-14","07:25:35",51306,NA,NA,NA,"digitTests","0.1.0","DE",14134
"2021-08-14","01:36:55",51393,"4.1.0","x86_64","mingw32","digitTests","0.1.0",NA,5
"2021-08-14","03:00:46",43521,NA,NA,NA,"digitTests","0.1.0","US",205
"2021-08-14","08:53:54",51393,"4.1.0","x86_64","mingw32","digitTests","0.1.0","NL",37645
"2021-08-14","09:51:03",51297,"4.1.1","x86_64","linux-gnu","digitTests","0.1.0","DE",4173
"2021-08-14","01:32:30",359,NA,NA,NA,"digitTests","0.1.0","US",48808
"2021-08-14","01:32:31",51314,NA,NA,NA,"digitTests","0.1.0","US",48808
"2021-08-14","01:44:44",51299,NA,NA,NA,"digitTests","0.1.0","US",49748
"2021-08-14","02:06:18",51393,NA,NA,NA,"digitTests","0.1.0","CA",12858
"2021-08-15","15:57:50",85900,NA,NA,NA,"digitTests","0.1.0","US",3295
"2021-08-15","15:57:55",51303,NA,NA,NA,"digitTests","0.1.0","US",3932
"2021-08-15","10:48:02",51321,NA,NA,NA,"digitTests","0.1.0","NL",5576
"2021-08-15","23:44:56",51399,"4.1.1","x86_64","mingw32","digitTests","0.1.0",NA,11
"2021-08-15","09:30:51",527,NA,NA,NA,"digitTests","0.1.0","US",5577
"2021-08-15","09:30:51",90868,NA,NA,NA,"digitTests","0.1.0","US",5577
"2021-08-15","09:30:51",90867,NA,NA,NA,"digitTests","0.1.0","US",5577
"2021-08-15","09:15:42",90837,NA,NA,NA,"digitTests","0.1.0","US",5577
"2021-08-15","09:15:42",527,NA,NA,NA,"digitTests","0.1.0","US",5577
"2021-08-15","09:15:42",90838,NA,NA,NA,"digitTests","0.1.0","US",5577
"2021-08-15","14:25:32",14677,NA,NA,NA,"digitTests","0.1.0",NA,11
"2021-08-15","10:00:21",530,NA,NA,NA,"digitTests","0.1.0","US",5577
"2021-08-15","10:00:21",85955,NA,NA,NA,"digitTests","0.1.0","US",5577
"2021-08-15","10:00:21",85954,NA,NA,NA,"digitTests","0.1.0","US",5577
"2021-08-15","07:16:39",527,NA,NA,NA,"digitTests","0.1.0","US",1527
"2021-08-15","07:16:39",90838,NA,NA,NA,"digitTests","0.1.0","US",1527
"2021-08-15","07:16:39",90837,NA,NA,NA,"digitTests","0.1.0","US",1527
"2021-08-15","14:18:17",90868,NA,NA,NA,"digitTests","0.1.0",NA,11
"2021-08-15","16:34:54",43637,NA,NA,NA,"digitTests","0.1.0",NA,11
"2021-08-15","09:46:28",90837,NA,NA,NA,"digitTests","0.1.0","US",5577
"2021-08-15","09:46:28",527,NA,NA,NA,"digitTests","0.1.0","US",5577
"2021-08-15","09:46:28",90838,NA,NA,NA,"digitTests","0.1.0","US",5577
"2021-08-15","13:08:42",51393,"4.1.1","i386","mingw32","digitTests","0.1.0","IN",1559
"2021-08-15","06:46:00",51393,"4.1.0","x86_64","mingw32","digitTests","0.1.0","JP",6536
"2021-08-16","17:37:41",90838,"4.0.5","x86_64","mingw32","digitTests","0.1.0","IT",75239
"2021-08-16","08:21:01",51316,"4.1.0","x86_64","linux-gnu","digitTests","0.1.0","NL",51078
"2021-08-16","18:28:09",51399,NA,NA,NA,"digitTests","0.1.0","US",40212
"2021-08-16","14:38:22",51393,NA,NA,NA,"digitTests","0.1.0","US",8469
"2021-08-16","19:00:31",86370,"4.0.3","x86_64","darwin17.0","digitTests","0.1.0","US",21426
"2021-08-16","19:29:16",51393,NA,NA,NA,"digitTests","0.1.0","US",3716
"2021-08-16","17:24:36",86338,NA,NA,NA,"digitTests","0.1.0","US",5910
"2021-08-16","16:12:23",86365,"4.1.0","x86_64","darwin17.0","digitTests","0.1.0","NL",7563
"2021-08-17","15:11:22",86341,"4.1.0","x86_64","darwin17.0","digitTests","0.1.0","NL",17839
"2021-08-17","16:39:45",86340,"4.1.0","x86_64","darwin17.0","digitTests","0.1.0","NL",17839
"2021-08-17","03:03:48",51393,"4.1.0","x86_64","linux-gnu","digitTests","0.1.0","JP",10684
"2021-08-17","13:40:40",51393,NA,NA,NA,"digitTests","0.1.0","US",3172
"2021-08-17","16:01:25",86365,"4.1.0","x86_64","darwin17.0","digitTests","0.1.0","NL",17839
"2021-08-17","12:59:04",86387,"4.1.0","x86_64","darwin17.0","digitTests","0.1.0","NL",17839
"2021-08-17","14:17:42",51393,"4.1.1","x86_64","mingw32","digitTests","0.1.0","US",14456
"2021-08-18","12:51:16",86341,"4.1.0","x86_64","darwin17.0","digitTests","0.1.0","NL",10095
"2021-08-18","21:36:05",51321,NA,NA,NA,"digitTests","0.1.0","IT",13125
"2021-08-18","18:24:24",535,NA,NA,NA,"digitTests","0.1.0","US",2315
"2021-08-18","13:54:22",86365,"4.1.0","x86_64","darwin17.0","digitTests","0.1.0","NL",10095
"2021-08-18","18:29:33",51402,NA,NA,NA,"digitTests","0.1.0","US",2315
"2021-08-19","11:50:31",86342,"4.1.0","x86_64","darwin17.0","digitTests","0.1.0","NL",6354
"2021-08-19","12:46:51",86391,NA,NA,NA,"digitTests","0.1.0","US",163
"2021-08-19","12:46:51",530,NA,NA,NA,"digitTests","0.1.0","US",163
"2021-08-19","12:46:51",86392,NA,NA,NA,"digitTests","0.1.0","US",163
"2021-08-19","16:12:16",90992,"4.1.0","x86_64","mingw32","digitTests","0.1.0","NL",6354
"2021-08-19","16:12:29",86335,"4.1.0","x86_64","darwin17.0","digitTests","0.1.0","NL",6354
"2021-08-19","08:48:35",86341,"4.1.1","x86_64","darwin17.0","digitTests","0.1.0","JP",5793
"2021-08-19","11:17:18",90985,"4.1.0","x86_64","mingw32","digitTests","0.1.0","NL",6354
"2021-08-19","12:14:48",90986,NA,NA,NA,"digitTests","0.1.0","US",163
"2021-08-19","14:35:40",86391,NA,NA,NA,"digitTests","0.1.0","US",163
"2021-08-19","14:35:40",530,NA,NA,NA,"digitTests","0.1.0","US",163
"2021-08-19","14:35:40",86392,NA,NA,NA,"digitTests","0.1.0","US",163
"2021-08-19","14:46:33",51393,"4.0.4","x86_64","mingw32","digitTests","0.1.0","KR",102
"2021-08-19","07:19:08",527,NA,NA,NA,"digitTests","0.1.0","US",5801
"2021-08-19","07:19:08",90985,NA,NA,NA,"digitTests","0.1.0","US",5801
"2021-08-19","07:19:08",90986,NA,NA,NA,"digitTests","0.1.0","US",5801
"2021-08-19","12:14:48",527,NA,NA,NA,"digitTests","0.1.0","US",163
"2021-08-19","12:14:48",90985,NA,NA,NA,"digitTests","0.1.0","US",163
"2021-08-19","09:59:37",86342,"4.1.0","x86_64","darwin17.0","digitTests","0.1.0","NL",6354
"2021-08-19","18:34:46",530,NA,NA,NA,"digitTests","0.1.0","US",163
"2021-08-19","18:34:46",86370,NA,NA,NA,"digitTests","0.1.0","US",163
"2021-08-19","18:34:46",86369,NA,NA,NA,"digitTests","0.1.0","US",163
"2021-08-19","11:14:34",86334,"4.1.0","x86_64","darwin17.0","digitTests","0.1.0","NL",6354
"2021-08-19","10:20:03",90986,"4.1.0","x86_64","mingw32","digitTests","0.1.0","NL",6354
"2021-08-19","10:19:59",86346,"4.1.0","x86_64","darwin17.0","digitTests","0.1.0","NL",6354
"2021-08-19","10:29:14",90837,NA,NA,NA,"digitTests","0.1.0","US",163
"2021-08-19","10:29:14",527,NA,NA,NA,"digitTests","0.1.0","US",163
"2021-08-19","10:29:14",90838,NA,NA,NA,"digitTests","0.1.0","US",163
"2021-08-19","07:53:32",86383,"4.1.1","x86_64","darwin17.0","digitTests","0.1.0","JP",5793
"2021-08-19","14:51:27",86370,NA,NA,NA,"digitTests","0.1.0","US",163
"2021-08-19","14:51:27",86369,NA,NA,NA,"digitTests","0.1.0","US",163
"2021-08-19","14:51:27",530,NA,NA,NA,"digitTests","0.1.0","US",163
"2021-08-19","09:44:35",90867,NA,NA,NA,"digitTests","0.1.0","US",5801
"2021-08-19","09:44:35",90868,NA,NA,NA,"digitTests","0.1.0","US",5801
"2021-08-19","09:44:35",527,NA,NA,NA,"digitTests","0.1.0","US",5801
"2021-08-19","11:26:12",527,NA,NA,NA,"digitTests","0.1.0","US",163
"2021-08-19","11:26:12",90837,NA,NA,NA,"digitTests","0.1.0","US",163
"2021-08-19","11:26:12",90838,NA,NA,NA,"digitTests","0.1.0","US",163
"2021-08-20","21:19:45",90986,"4.1.0","x86_64","mingw32","digitTests","0.1.0","EC",7778
"2021-08-20","14:16:06",90986,"4.1.1","x86_64","mingw32","digitTests","0.1.0",NA,22
"2021-08-20","15:26:12",90838,"4.0.3","x86_64","mingw32","digitTests","0.1.0",NA,22
"2021-08-20","00:08:01",51393,NA,NA,NA,"digitTests","0.1.0","US",30
"2021-08-20","18:50:06",86370,NA,NA,NA,"digitTests","0.1.0","US",3143
"2021-08-20","01:20:06",90986,"4.1.1","x86_64","mingw32","digitTests","0.1.0","JP",55
"2021-08-20","08:48:27",86346,NA,NA,NA,"digitTests","0.1.0","JP",1454
"2021-08-20","09:51:08",90986,"4.1.0","x86_64","mingw32","digitTests","0.1.0","US",81510
"2021-08-21","21:44:11",90992,"4.1.1","x86_64","mingw32","digitTests","0.1.0","US",5783
"2021-08-21","06:12:34",86364,"4.1.0","x86_64","darwin17.0","digitTests","0.1.0","NL",19104
"2021-08-21","06:12:57",90992,"4.1.0","x86_64","mingw32","digitTests","0.1.0","NL",19104
"2021-08-21","13:12:02",86346,"4.1.0","x86_64","darwin17.0","digitTests","0.1.0","CN",6644
"2021-08-22","15:24:48",90986,"4.1.1","x86_64","mingw32","digitTests","0.1.0",NA,7
"2021-08-22","15:31:04",86392,NA,NA,NA,"digitTests","0.1.0","US",106
"2021-08-22","18:06:42",90985,"4.1.1","x86_64","mingw32","digitTests","0.1.0","CL",5268
"2021-08-22","06:14:31",90986,"4.1.1","x86_64","mingw32","digitTests","0.1.0",NA,7
"2021-08-23","18:13:45",90991,"4.1.1","x86_64","mingw32","digitTests","0.1.0","CR",5665
"2021-08-23","22:03:45",86392,NA,NA,NA,"digitTests","0.1.0","US",44
"2021-08-23","08:42:15",86370,NA,NA,NA,"digitTests","0.1.0","US",1611
"2021-08-23","08:42:15",86369,NA,NA,NA,"digitTests","0.1.0","US",1611
"2021-08-23","08:42:15",530,NA,NA,NA,"digitTests","0.1.0","US",1611
"2021-08-23","15:04:06",90986,"4.1.1","x86_64","mingw32","digitTests","0.1.0","FR",3869
"2021-08-23","10:58:09",86391,NA,NA,NA,"digitTests","0.1.0","US",1611
"2021-08-23","06:01:58",90986,"4.1.1","x86_64","mingw32","digitTests","0.1.0","EG",68
"2021-08-23","16:11:57",86338,"4.1.0","x86_64","darwin17.0","digitTests","0.1.0","NL",41630
"2021-08-23","16:39:16",14524,NA,NA,NA,"digitTests","0.1.0","US",14020
"2021-08-23","16:39:21",14524,NA,NA,NA,"digitTests","0.1.0","US",23419
"2021-08-23","15:52:46",90991,"4.1.1","x86_64","mingw32","digitTests","0.1.0","PA",4173
"2021-08-23","08:18:18",90988,NA,NA,NA,"digitTests","0.1.0","US",1611
"2021-08-23","08:18:18",90987,NA,NA,NA,"digitTests","0.1.0","US",1611
"2021-08-23","08:18:18",527,NA,NA,NA,"digitTests","0.1.0","US",1611
"2021-08-23","10:22:45",90992,"4.1.1","x86_64","mingw32","digitTests","0.1.0","US",3689
"2021-08-23","08:34:19",90837,NA,NA,NA,"digitTests","0.1.0","US",1611
"2021-08-23","08:34:19",90838,NA,NA,NA,"digitTests","0.1.0","US",1611
"2021-08-23","08:34:19",527,NA,NA,NA,"digitTests","0.1.0","US",1611
"2021-08-23","04:15:23",90986,"4.1.1","x86_64","mingw32","digitTests","0.1.0",NA,1
"2021-08-23","08:06:19",90985,NA,NA,NA,"digitTests","0.1.0","US",1611
"2021-08-23","08:06:19",527,NA,NA,NA,"digitTests","0.1.0","US",1611
"2021-08-23","08:06:19",90986,NA,NA,NA,"digitTests","0.1.0","US",1611
"2021-08-23","08:07:52",90838,NA,NA,NA,"digitTests","0.1.0","US",1611
"2021-08-23","08:07:52",527,NA,NA,NA,"digitTests","0.1.0","US",1611
"2021-08-23","08:07:52",90837,NA,NA,NA,"digitTests","0.1.0","US",1611
"2021-08-23","10:58:09",530,NA,NA,NA,"digitTests","0.1.0","US",1611
"2021-08-23","10:58:09",86392,NA,NA,NA,"digitTests","0.1.0","US",1611
"2021-08-23","16:16:01",90992,"4.1.0","x86_64","mingw32","digitTests","0.1.0","NL",41630
"2021-08-24","05:10:52",86369,NA,NA,NA,"digitTests","0.1.0","US",1189
"2021-08-24","20:29:04",51392,NA,NA,NA,"digitTests","0.1.0","US",3272
"2021-08-24","18:21:40",86342,"4.1.0","x86_64","darwin17.0","digitTests","0.1.0","NL",11689
"2021-08-24","09:42:57",86338,"4.1.0","x86_64","darwin17.0","digitTests","0.1.0","NL",11689
"2021-08-24","23:14:26",86370,NA,NA,NA,"digitTests","0.1.0","US",176
"2021-08-24","08:04:06",86342,"4.1.0","x86_64","darwin17.0","digitTests","0.1.0",NA,18
"2021-08-24","16:23:08",86345,"4.1.0","x86_64","darwin17.0","digitTests","0.1.0","NL",11689
"2021-08-24","09:45:36",90986,"4.1.0","x86_64","mingw32","digitTests","0.1.0","NL",11689
"2021-08-24","16:07:49",86341,"4.1.0","x86_64","darwin17.0","digitTests","0.1.0","NL",11689
"2021-08-24","16:11:46",90985,"4.1.0","x86_64","mingw32","digitTests","0.1.0","NL",11689
"2021-08-24","23:53:42",51393,"4.0.3","x86_64","mingw32","digitTests","0.1.0",NA,18
"2021-08-24","11:13:18",90992,"4.1.0","x86_64","mingw32","digitTests","0.1.0","NL",11689
"2021-08-24","10:40:50",361,"4.1.0","x86_64","darwin17.0","digitTests","0.1.0","NL",11689
"2021-08-24","14:50:02",364,"4.1.0","x86_64","darwin17.0","digitTests","0.1.0","NL",11689
"2021-08-24","14:11:04",86352,"4.1.0","x86_64","darwin17.0","digitTests","0.1.0","NL",11689
"2021-08-24","16:39:25",86376,NA,NA,NA,"digitTests","0.1.0","US",204
"2021-08-24","11:11:29",86341,"4.1.0","x86_64","darwin17.0","digitTests","0.1.0","NL",11689
"2021-08-24","13:32:58",90992,"4.1.0","x86_64","mingw32","digitTests","0.1.0","NL",11689
"2021-08-24","19:48:20",90986,NA,NA,NA,"digitTests","0.1.0","VN",1237
"2021-08-24","09:29:22",90986,"4.1.1","x86_64","mingw32","digitTests","0.1.0","ZA",5149
"2021-08-25","10:14:28",90844,NA,NA,NA,"digitTests","0.1.0","US",1170
"2021-08-25","10:14:28",90837,NA,NA,NA,"digitTests","0.1.0","US",1170
"2021-08-25","10:14:28",533,NA,NA,NA,"digitTests","0.1.0","US",1170
"2021-08-25","11:39:49",90838,"4.0.5","x86_64","mingw32","digitTests","0.1.0","BY",13502
"2021-08-25","11:33:00",90986,"4.1.0","x86_64","mingw32","digitTests","0.1.0","NL",2311
"2021-08-25","11:20:21",86342,"4.1.0","x86_64","darwin17.0","digitTests","0.1.0","NL",2311
"2021-08-25","13:17:05",86339,"4.1.0","x86_64","darwin17.0","digitTests","0.1.0",NA,26
"2021-08-25","19:10:49",86392,NA,NA,NA,"digitTests","0.1.0","US",49764
"2021-08-25","16:05:27",86376,NA,NA,NA,"digitTests","0.1.0","US",1170
"2021-08-25","16:05:27",536,NA,NA,NA,"digitTests","0.1.0","US",1170
"2021-08-25","16:05:27",86369,NA,NA,NA,"digitTests","0.1.0","US",1170
"2021-08-25","08:16:26",533,NA,NA,NA,"digitTests","0.1.0","US",1170
"2021-08-25","08:16:26",90992,NA,NA,NA,"digitTests","0.1.0","US",1170
"2021-08-25","08:16:26",90985,NA,NA,NA,"digitTests","0.1.0","US",1170
"2021-08-25","09:02:08",90837,NA,NA,NA,"digitTests","0.1.0","US",1170
"2021-08-25","09:02:08",90844,NA,NA,NA,"digitTests","0.1.0","US",1170
"2021-08-25","09:02:08",533,NA,NA,NA,"digitTests","0.1.0","US",1170
"2021-08-25","06:31:24",51392,NA,NA,NA,"digitTests","0.1.0","US",11515
"2021-08-25","05:51:18",51393,"4.1.1","x86_64","mingw32","digitTests","0.1.0","KR",1006
"2021-08-25","13:08:07",90991,"4.1.0","x86_64","mingw32","digitTests","0.1.0","NL",2311
"2021-08-25","07:44:07",90986,"4.1.1","x86_64","mingw32","digitTests","0.1.0","VN",1027
"2021-08-25","08:36:57",90992,"4.1.0","x86_64","mingw32","digitTests","0.1.0","TZ",1019
"2021-08-25","10:04:42",86346,"4.1.0","x86_64","darwin17.0","digitTests","0.1.0","NL",2311
"2021-08-25","02:52:47",85947,NA,NA,NA,"digitTests","0.1.0","US",161
"2021-08-25","02:53:00",86306,NA,NA,NA,"digitTests","0.1.0","US",161
"2021-08-25","02:53:10",86346,NA,NA,NA,"digitTests","0.1.0","US",161
"2021-08-25","12:26:04",86351,"4.1.0","x86_64","darwin17.0","digitTests","0.1.0","NL",2311
"2021-08-25","16:43:56",90986,"4.1.1","x86_64","mingw32","digitTests","0.1.0","US",7201
"2021-08-25","16:12:05",90992,"4.1.0","x86_64","mingw32","digitTests","0.1.0","NL",2311
"2021-08-25","16:12:13",86343,"4.1.0","x86_64","darwin17.0","digitTests","0.1.0","NL",2311
"2021-08-25","18:31:09",529,NA,NA,NA,"digitTests","0.1.0","US",13695
"2021-08-25","14:12:54",86391,NA,NA,NA,"digitTests","0.1.0","US",2279
"2021-08-25","14:29:29",536,NA,NA,NA,"digitTests","0.1.0","US",1170
"2021-08-25","14:29:29",86391,NA,NA,NA,"digitTests","0.1.0","US",1170
"2021-08-25","14:29:29",86398,NA,NA,NA,"digitTests","0.1.0","US",1170
"2021-08-25","10:35:09",90991,"4.1.0","x86_64","mingw32","digitTests","0.1.0","NL",2311
"2021-08-26","08:29:03",86330,"4.1.0","x86_64","darwin17.0","digitTests","0.1.0","NL",51
"2021-08-26","17:41:27",90986,"4.1.1","x86_64","mingw32","digitTests","0.1.0",NA,8
"2021-08-26","10:14:23",90985,"4.1.0","x86_64","mingw32","digitTests","0.1.0","NL",51
"2021-08-26","20:14:51",90985,"4.1.0","x86_64","mingw32","digitTests","0.1.0","EC",14522
"2021-08-26","03:19:29",86398,NA,NA,NA,"digitTests","0.1.0","US",1754
"2021-08-26","03:49:50",51294,NA,NA,NA,"digitTests","0.1.0","US",7807
"2021-08-26","11:11:01",86333,"4.1.0","x86_64","darwin17.0","digitTests","0.1.0","NL",51
"2021-08-26","16:11:57",86343,"4.1.0","x86_64","darwin17.0","digitTests","0.1.0","NL",51
"2021-08-26","16:12:24",90992,"4.1.0","x86_64","mingw32","digitTests","0.1.0","NL",51
"2021-08-26","04:24:03",90992,"4.1.0","x86_64","mingw32","digitTests","0.1.0","ID",1598
"2021-08-26","13:17:47",90987,NA,NA,NA,"digitTests","0.1.0","US",24966
"2021-08-26","13:17:47",86370,NA,NA,NA,"digitTests","0.1.0","US",24966
"2021-08-26","13:17:48",51393,NA,NA,NA,"digitTests","0.1.0","US",24966
"2021-08-26","13:17:49",90775,NA,NA,NA,"digitTests","0.1.0","US",24966
"2021-08-26","13:17:49",85955,NA,NA,NA,"digitTests","0.1.0","US",24966
"2021-08-26","13:17:51",90986,NA,NA,NA,"digitTests","0.1.0","US",24966
"2021-08-26","13:17:46",86392,NA,NA,NA,"digitTests","0.1.0","US",24966
"2021-08-26","08:34:41",90992,"4.1.0","x86_64","mingw32","digitTests","0.1.0","NL",51
"2021-08-26","11:12:27",90986,"4.1.0","x86_64","mingw32","digitTests","0.1.0","NL",51
"2021-08-26","00:27:10",90985,"4.1.1","x86_64","mingw32","digitTests","0.1.0","PK",26
"2021-08-26","01:55:26",90987,NA,NA,NA,"digitTests","0.1.0","US",3655
"2021-08-26","01:55:34",86370,NA,NA,NA,"digitTests","0.1.0","US",3687
"2021-08-26","01:55:31",90986,NA,NA,NA,"digitTests","0.1.0","US",3688
"2021-08-26","01:55:33",90775,NA,NA,NA,"digitTests","0.1.0","US",2985
"2021-08-26","01:55:24",85955,NA,NA,NA,"digitTests","0.1.0","US",3666
"2021-08-26","01:55:30",86392,NA,NA,NA,"digitTests","0.1.0","US",2987
"2021-08-26","01:55:36",51393,NA,NA,NA,"digitTests","0.1.0","US",3687
"2021-08-26","22:29:47",86391,NA,NA,NA,"digitTests","0.1.0","US",47
"2021-08-26","18:26:48",90992,"4.1.1","x86_64","mingw32","digitTests","0.1.0","GB",8617
"2021-08-27","14:49:40",90985,"4.1.1","x86_64","mingw32","digitTests","0.1.0","MX",162
"2021-08-27","12:18:09",90986,"4.1.1","x86_64","mingw32","digitTests","0.1.0","ZA",5316
"2021-08-27","00:12:47",90992,"4.1.0","x86_64","mingw32","digitTests","0.1.0","CO",9631
"2021-08-27","16:20:00",86398,NA,NA,NA,"digitTests","0.1.0","US",204
"2021-08-27","11:12:40",86365,"4.1.0","x86_64","darwin17.0","digitTests","0.1.0","NL",44645
"2021-08-27","11:12:45",90992,"4.1.0","x86_64","mingw32","digitTests","0.1.0","NL",44645
"2021-08-28","08:22:40",86376,NA,NA,NA,"digitTests","0.1.0","US",2276
"2021-08-28","10:23:27",90775,NA,NA,NA,"digitTests","0.1.0","US",908
"2021-08-28","10:23:27",90774,NA,NA,NA,"digitTests","0.1.0","US",908
"2021-08-28","10:23:27",527,NA,NA,NA,"digitTests","0.1.0","US",908
"2021-08-28","19:54:23",91030,"4.1.1","x86_64","mingw32","digitTests","0.1.0","QA",921
"2021-08-28","17:58:36",51392,"3.6.1","x86_64","mingw32","digitTests","0.1.0","US",17417
"2021-08-28","15:46:27",530,NA,NA,NA,"digitTests","0.1.0","US",908
"2021-08-28","15:46:27",86369,NA,NA,NA,"digitTests","0.1.0","US",908
"2021-08-28","08:36:41",91030,NA,NA,NA,"digitTests","0.1.0","US",908
"2021-08-28","08:36:41",527,NA,NA,NA,"digitTests","0.1.0","US",908
"2021-08-28","08:36:41",91029,NA,NA,NA,"digitTests","0.1.0","US",908
"2021-08-28","15:46:27",86370,NA,NA,NA,"digitTests","0.1.0","US",908
"2021-08-28","12:39:49",527,NA,NA,NA,"digitTests","0.1.0","US",908
"2021-08-28","12:39:49",90774,NA,NA,NA,"digitTests","0.1.0","US",908
"2021-08-28","12:39:49",90775,NA,NA,NA,"digitTests","0.1.0","US",908
"2021-08-28","18:12:49",86392,NA,NA,NA,"digitTests","0.1.0","US",908
"2021-08-28","18:12:49",530,NA,NA,NA,"digitTests","0.1.0","US",908
"2021-08-28","18:12:49",86391,NA,NA,NA,"digitTests","0.1.0","US",908
"2021-08-28","03:31:49",86369,NA,NA,NA,"digitTests","0.1.0","US",66
"2021-08-28","06:12:08",86332,"4.1.0","x86_64","darwin17.0","digitTests","0.1.0","NL",39472
"2021-08-28","06:12:43",91030,"4.1.0","x86_64","mingw32","digitTests","0.1.0","NL",39472
"2021-08-28","05:13:37",91030,"4.1.1","x86_64","mingw32","digitTests","0.1.0",NA,3
"2021-08-29","20:09:31",91036,"4.1.0","x86_64","mingw32","digitTests","0.1.0",NA,2
"2021-08-30","21:05:05",86356,NA,NA,NA,"digitTests","0.1.0",NA,1
"2021-08-30","11:12:11",86383,"4.1.0","x86_64","darwin17.0","digitTests","0.1.0","NL",16781
"2021-08-30","11:12:38",91030,"4.1.0","x86_64","mingw32","digitTests","0.1.0","NL",16781
"2021-08-30","22:41:09",91030,"4.1.1","x86_64","mingw32","digitTests","0.1.0","US",14500
"2021-08-30","02:25:43",91030,"4.1.1","x86_64","mingw32","digitTests","0.1.0",NA,1
"2021-08-30","08:15:45",51314,NA,NA,NA,"digitTests","0.1.0","US",34514
"2021-08-30","08:15:40",85936,NA,NA,NA,"digitTests","0.1.0","US",26246
"2021-08-30","21:14:06",51294,NA,NA,NA,"digitTests","0.1.0","US",698
"2021-08-30","19:16:25",86365,NA,NA,NA,"digitTests","0.1.0","US",8210
"2021-08-30","16:24:52",51393,"3.5.3","x86_64","mingw32","digitTests","0.1.0","US",4584
"2021-08-30","21:28:52",51302,"3.6.3","x86_64","linux-gnu","digitTests","0.1.0","ES",706
"2021-08-30","11:56:39",91030,"4.1.1","x86_64","mingw32","digitTests","0.1.0","SA",4642
"2021-08-30","22:03:41",86342,NA,NA,NA,"digitTests","0.1.0",NA,1
"2021-08-31","08:27:53",91036,"4.1.1","x86_64","mingw32","digitTests","0.1.0","SA",1432
"2021-08-31","16:38:50",51297,NA,NA,NA,"digitTests","0.1.0","GB",83
"2021-08-31","13:45:00",86369,NA,NA,NA,"digitTests","0.1.0","US",6
"2021-08-31","13:45:00",530,NA,NA,NA,"digitTests","0.1.0","US",6
"2021-08-31","13:45:00",86370,NA,NA,NA,"digitTests","0.1.0","US",6
"2021-08-31","15:59:03",91030,"4.1.1","x86_64","mingw32","digitTests","0.1.0","TW",133
"2021-08-31","18:19:41",51297,"3.6.3","x86_64","linux-gnu","digitTests","0.1.0","ES",3616
"2021-08-31","07:49:43",91030,"4.1.0","x86_64","mingw32","digitTests","0.1.0","ES",1444
"2021-08-31","17:33:49",91030,NA,NA,NA,"digitTests","0.1.0","GB",47853
"2021-08-31","17:31:16",86391,NA,NA,NA,"digitTests","0.1.0","US",6
"2021-08-31","17:31:16",530,NA,NA,NA,"digitTests","0.1.0","US",6
"2021-08-31","17:31:16",86398,NA,NA,NA,"digitTests","0.1.0","US",6
"2021-08-31","09:57:16",527,NA,NA,NA,"digitTests","0.1.0","US",6
"2021-08-31","09:57:16",90833,NA,NA,NA,"digitTests","0.1.0","US",6
"2021-08-31","09:57:16",90832,NA,NA,NA,"digitTests","0.1.0","US",6
"2021-08-31","18:02:03",90833,"4.0.2","x86_64","mingw32","digitTests","0.1.0","CZ",33951
"2021-08-31","02:58:52",91035,"4.1.1","i386","mingw32","digitTests","0.1.0","CA",17220
"2021-08-31","17:16:07",91030,NA,NA,NA,"digitTests","0.1.0","GB",33555
"2021-09-01","02:44:50",91030,"4.1.1","x86_64","mingw32","digitTests","0.1.0","JP",5481
"2021-09-01","10:11:16",91030,"4.1.1","x86_64","mingw32","digitTests","0.1.0","DE",18360
"2021-09-01","19:13:42",51294,NA,NA,NA,"digitTests","0.1.0","US",135
"2021-09-01","09:03:55",86365,"4.1.0","x86_64","darwin17.0","digitTests","0.1.0",NA,2
"2021-09-01","08:16:06",51312,"4.1.0","x86_64","linux-gnu","digitTests","0.1.0",NA,2
"2021-09-01","02:54:49",90957,NA,NA,NA,"digitTests","0.1.0","US",153
"2021-09-01","18:45:01",529,NA,NA,NA,"digitTests","0.1.0","US",19468
"2021-09-01","14:53:17",91030,"4.1.1","x86_64","mingw32","digitTests","0.1.0","ID",885
"2021-09-02","16:12:03",86338,"4.1.0","x86_64","darwin17.0","digitTests","0.1.0","NL",2067
"2021-09-02","15:37:18",85954,NA,NA,NA,"digitTests","0.1.0","US",632
"2021-09-02","16:14:33",91036,"4.1.0","x86_64","mingw32","digitTests","0.1.0","NL",2067
"2021-09-02","12:54:13",51299,"4.1.1","x86_64","linux-gnu","digitTests","0.1.0",NA,8
"2021-09-03","10:57:59",91030,"4.1.1","x86_64","mingw32","digitTests","0.1.0","CN",788
"2021-09-03","02:27:26",91030,"4.1.1","x86_64","mingw32","digitTests","0.1.0","CN",996
"2021-09-03","17:20:06",86370,NA,NA,NA,"digitTests","0.1.0","US",711
"2021-09-03","17:20:06",86369,NA,NA,NA,"digitTests","0.1.0","US",711
"2021-09-03","17:20:06",530,NA,NA,NA,"digitTests","0.1.0","US",711
"2021-09-03","02:29:21",91029,"4.1.1","x86_64","mingw32","digitTests","0.1.0","VE",1191
"2021-09-03","17:11:56",86370,NA,NA,NA,"digitTests","0.1.0","US",713
"2021-09-03","18:36:57",86392,NA,NA,NA,"digitTests","0.1.0","US",711
"2021-09-03","00:15:09",91030,"4.1.1","x86_64","mingw32","digitTests","0.1.0",NA,18
"2021-09-03","20:27:47",86398,NA,NA,NA,"digitTests","0.1.0","US",10
"2021-09-03","18:36:57",530,NA,NA,NA,"digitTests","0.1.0","US",711
"2021-09-03","18:36:57",86391,NA,NA,NA,"digitTests","0.1.0","US",711
"2021-09-03","02:36:08",91030,"4.1.1","x86_64","mingw32","digitTests","0.1.0","KR",1978
"2021-09-04","04:32:07",91036,"4.1.1","i386","mingw32","digitTests","0.1.0","JP",14559
"2021-09-04","14:13:52",91030,"4.1.1","x86_64","mingw32","digitTests","0.1.0",NA,2
"2021-09-04","12:08:38",51330,NA,NA,NA,"digitTests","0.1.0","US",5926
"2021-09-04","06:11:56",86365,"4.1.0","x86_64","darwin17.0","digitTests","0.1.0","NL",10733
"2021-09-04","06:12:22",91029,"4.1.0","x86_64","mingw32","digitTests","0.1.0","NL",10733
"2021-09-05","10:14:31",85946,"4.1.1","aarch64","darwin20","digitTests","0.1.0","CZ",3984
"2021-09-05","21:09:15",85954,NA,NA,NA,"digitTests","0.1.0","US",2036
"2021-09-05","17:14:01",91030,"4.1.1","x86_64","mingw32","digitTests","0.1.0","IT",4948
"2021-09-06","11:35:37",91015,"4.1.1","x86_64","mingw32","digitTests","0.1.0","IN",24569
"2021-09-06","16:12:04",86342,"4.1.0","x86_64","darwin17.0","digitTests","0.1.0","NL",24085
"2021-09-06","16:12:30",91015,"4.1.0","x86_64","mingw32","digitTests","0.1.0","NL",24085
"2021-09-06","19:30:28",86392,NA,NA,NA,"digitTests","0.1.0","US",1075
"2021-09-06","09:49:51",86347,"4.1.1","x86_64","darwin17.0","digitTests","0.1.0","JP",8798
"2021-09-06","16:41:28",530,NA,NA,NA,"digitTests","0.1.0","US",2162
"2021-09-06","16:41:28",86369,NA,NA,NA,"digitTests","0.1.0","US",2162
"2021-09-06","16:41:28",86370,NA,NA,NA,"digitTests","0.1.0","US",2162
"2021-09-06","13:50:57",86392,NA,NA,NA,"digitTests","0.1.0","US",2162
"2021-09-06","13:50:57",530,NA,NA,NA,"digitTests","0.1.0","US",2162
"2021-09-06","13:50:58",86399,NA,NA,NA,"digitTests","0.1.0","US",2162
"2021-09-06","13:53:07",51393,NA,NA,NA,"digitTests","0.1.0","US",5523
"2021-09-06","12:42:03",91014,"4.1.1","x86_64","mingw32","digitTests","0.1.0","CA",11441
"2021-09-06","18:11:46",85955,NA,NA,NA,"digitTests","0.1.0","US",7192
"2021-09-07","18:01:36",51392,NA,NA,NA,"digitTests","0.1.0","US",514
"2021-09-07","10:47:04",86350,"4.1.0","x86_64","darwin17.0","digitTests","0.1.0","NL",4306
"2021-09-07","19:19:35",91025,"4.1.1","x86_64","mingw32","digitTests","0.1.0","RO",4235
"2021-09-07","07:29:10",91021,"4.1.1","x86_64","mingw32","digitTests","0.1.0","CH",29239
"2021-09-07","22:27:31",51303,"4.1.1","x86_64","linux-gnu","digitTests","0.1.0","DE",9409
"2021-09-07","14:11:59",91021,"4.1.1","x86_64","mingw32","digitTests","0.1.0",NA,5
"2021-09-07","06:18:40",91021,"4.1.1","x86_64","mingw32","digitTests","0.1.0",NA,5
"2021-09-07","13:10:23",91015,"4.1.0","x86_64","mingw32","digitTests","0.1.0","ES",7
"2021-09-07","19:02:15",91014,"4.1.0","x86_64","mingw32","digitTests","0.1.0","NL",4306
"2021-09-07","11:41:12",86355,"4.1.0","x86_64","darwin17.0","digitTests","0.1.0","NL",4306
"2021-09-07","13:56:06",86323,NA,NA,NA,"digitTests","0.1.0","US",7359
"2021-09-07","13:56:20",86401,NA,NA,NA,"digitTests","0.1.0","US",37473
"2021-09-08","05:45:52",91021,"4.1.1","x86_64","mingw32","digitTests","0.1.0",NA,3
"2021-09-08","15:25:36",51393,NA,NA,NA,"digitTests","0.1.0","CN",1785
"2021-09-08","11:40:59",86365,"4.1.0","x86_64","darwin17.0","digitTests","0.1.0","NL",24031
"2021-09-08","16:14:24",91015,"4.1.0","x86_64","mingw32","digitTests","0.1.0","NL",24031
"2021-09-08","22:41:13",51312,"3.5.1","x86_64","darwin15.6.0","digitTests","0.1.0","CA",18743
"2021-09-08","16:12:31",86385,"4.1.0","x86_64","darwin17.0","digitTests","0.1.0","NL",24031
"2021-09-08","18:43:40",91015,"4.1.1","x86_64","mingw32","digitTests","0.1.0",NA,3
"2021-09-08","18:31:36",529,NA,NA,NA,"digitTests","0.1.0","US",5764
"2021-09-08","03:26:35",91021,"4.1.1","x86_64","mingw32","digitTests","0.1.0","JP",9457
"2021-09-08","22:28:20",91015,"4.1.1","x86_64","mingw32","digitTests","0.1.0",NA,3
"2021-09-08","03:17:23",91015,"4.1.1","x86_64","mingw32","digitTests","0.1.0","JP",1033
"2021-09-08","02:44:34",91015,"4.1.1","x86_64","mingw32","digitTests","0.1.0","JP",9457
"2021-09-08","23:58:18",51304,NA,NA,NA,"digitTests","0.1.0","US",3510
"2021-09-09","17:19:16",91021,"4.1.1","x86_64","mingw32","digitTests","0.1.0","FR",6312
"2021-09-09","01:26:01",86316,"4.0.2","x86_64","darwin17.0","digitTests","0.1.0","CA",18018
"2021-09-09","14:21:39",86338,"4.1.1","x86_64","darwin17.0","digitTests","0.1.0","CA",18018
"2021-09-09","06:33:08",91014,"4.1.1","x86_64","mingw32","digitTests","0.1.0",NA,8
"2021-09-09","14:31:09",356,"4.1.0","x86_64","darwin17.0","digitTests","0.1.0",NA,8
"2021-09-09","16:12:26",91021,"4.1.0","x86_64","mingw32","digitTests","0.1.0","NL",8056
"2021-09-09","16:12:31",86352,"4.1.0","x86_64","darwin17.0","digitTests","0.1.0","NL",8056
"2021-09-09","11:12:43",86351,"4.1.0","x86_64","darwin17.0","digitTests","0.1.0","NL",8056
"2021-09-09","11:12:34",91021,"4.1.0","x86_64","mingw32","digitTests","0.1.0","NL",8056
"2021-09-09","12:06:53",91021,"4.1.0","x86_64","mingw32","digitTests","0.1.0","NL",8056
"2021-09-09","08:34:29",91021,"4.1.0","x86_64","mingw32","digitTests","0.1.0",NA,8
"2021-09-09","04:14:13",86392,NA,NA,NA,"digitTests","0.1.0","US",2494
"2021-09-10","13:18:41",91015,"4.1.1","x86_64","mingw32","digitTests","0.1.0","MA",1349
"2021-09-10","16:12:45",86337,"4.1.0","x86_64","darwin17.0","digitTests","0.1.0","NL",6055
"2021-09-10","16:13:12",91021,"4.1.0","x86_64","mingw32","digitTests","0.1.0","NL",6055
"2021-09-10","10:22:39",86369,NA,NA,NA,"digitTests","0.1.0","US",190
"2021-09-10","10:22:39",86370,NA,NA,NA,"digitTests","0.1.0","US",190
"2021-09-10","10:22:39",530,NA,NA,NA,"digitTests","0.1.0","US",190
"2021-09-10","13:21:30",86370,NA,NA,NA,"digitTests","0.1.0","US",98
"2021-09-10","09:33:46",86391,NA,NA,NA,"digitTests","0.1.0","US",190
"2021-09-10","09:33:46",86392,NA,NA,NA,"digitTests","0.1.0","US",190
"2021-09-10","07:07:51",91021,"4.1.1","x86_64","mingw32","digitTests","0.1.0","CH",105
"2021-09-10","19:08:54",91015,"4.1.1","x86_64","mingw32","digitTests","0.1.0","US",3539
"2021-09-10","22:25:58",90867,"4.0.5","x86_64","mingw32","digitTests","0.1.0","QA",4567
"2021-09-10","06:33:47",90861,NA,NA,NA,"digitTests","0.1.0","CN",4891
"2021-09-10","01:49:54",91015,"4.1.1","x86_64","mingw32","digitTests","0.1.0","RO",12579
"2021-09-10","12:57:14",91020,"4.1.1","x86_64","mingw32","digitTests","0.1.0",NA,3
"2021-09-10","17:25:50",51393,"4.1.1","x86_64","mingw32","digitTests","0.1.0","US",3539
"2021-09-10","09:33:46",530,NA,NA,NA,"digitTests","0.1.0","US",190
"2021-09-11","05:05:06",91015,"4.1.1","x86_64","mingw32","digitTests","0.1.0","PE",1064
"2021-09-11","06:12:34",86373,"4.1.0","x86_64","darwin17.0","digitTests","0.1.0","NL",10916
"2021-09-11","06:12:57",91020,"4.1.0","x86_64","mingw32","digitTests","0.1.0","NL",10916
"2021-09-11","21:50:36",91015,"4.1.1","x86_64","mingw32","digitTests","0.1.0","KR",5446
"2021-09-12","04:06:07",51294,"4.1.1","x86_64","linux-gnu","digitTests","0.1.0","US",2596
"2021-09-12","11:56:21",86376,NA,NA,NA,"digitTests","0.1.0","US",2034
"2021-09-12","11:56:21",536,NA,NA,NA,"digitTests","0.1.0","US",2034
"2021-09-12","11:56:21",86369,NA,NA,NA,"digitTests","0.1.0","US",2034
"2021-09-12","22:56:09",14532,NA,NA,NA,"digitTests","0.1.0","US",187
"2021-09-12","22:56:18",14535,NA,NA,NA,"digitTests","0.1.0","US",187
"2021-09-12","22:56:29",14525,NA,NA,NA,"digitTests","0.1.0","US",187
"2021-09-12","07:48:19",14523,NA,NA,NA,"digitTests","0.1.0","US",3265
"2021-09-12","07:48:30",14524,NA,NA,NA,"digitTests","0.1.0","US",14945
"2021-09-12","17:01:46",91015,"4.1.1","x86_64","mingw32","digitTests","0.1.0","US",11372
"2021-09-12","12:58:32",86398,NA,NA,NA,"digitTests","0.1.0","US",2034
"2021-09-12","12:58:32",536,NA,NA,NA,"digitTests","0.1.0","US",2034
"2021-09-12","12:58:32",86391,NA,NA,NA,"digitTests","0.1.0","US",2034
"2021-09-13","20:04:11",91015,"4.1.1","x86_64","mingw32","digitTests","0.1.0",NA,15
"2021-09-13","09:01:08",91015,"4.1.1","x86_64","mingw32","digitTests","0.1.0","CR",19435
"2021-09-13","17:30:15",51320,"4.1.1","x86_64","linux-gnu","digitTests","0.1.0","NL",68091
"2021-09-13","11:12:26",86348,"4.1.0","x86_64","darwin17.0","digitTests","0.1.0","NL",68091
"2021-09-13","11:12:55",91015,"4.1.0","x86_64","mingw32","digitTests","0.1.0","NL",68091
"2021-09-13","00:32:52",51393,"4.1.1","x86_64","mingw32","digitTests","0.1.0","KR",95
"2021-09-14","09:27:35",86392,NA,NA,NA,"digitTests","0.1.0","US",4369
"2021-09-14","09:27:35",86391,NA,NA,NA,"digitTests","0.1.0","US",4369
"2021-09-14","09:27:35",530,NA,NA,NA,"digitTests","0.1.0","US",4369
"2021-09-14","16:11:54",86332,"4.1.0","x86_64","darwin17.0","digitTests","0.1.0","NL",7157
"2021-09-14","16:12:19",91021,"4.1.0","x86_64","mingw32","digitTests","0.1.0","NL",7157
"2021-09-14","09:27:43",91021,"4.1.0","x86_64","mingw32","digitTests","0.1.0","NL",7157
"2021-09-14","08:51:04",530,NA,NA,NA,"digitTests","0.1.0","US",4369
"2021-09-14","08:51:04",86370,NA,NA,NA,"digitTests","0.1.0","US",4369
"2021-09-14","08:51:04",86369,NA,NA,NA,"digitTests","0.1.0","US",4369
"2021-09-14","19:37:13",51393,"3.4.3","x86_64","mingw32","digitTests","0.1.0",NA,3
"2021-09-15","11:12:59",86343,"4.1.0","x86_64","darwin17.0","digitTests","0.1.0","NL",3795
"2021-09-15","16:12:00",86351,"4.1.0","x86_64","darwin17.0","digitTests","0.1.0","NL",3795
"2021-09-15","16:12:28",91024,"4.1.0","x86_64","mingw32","digitTests","0.1.0","NL",3795
"2021-09-15","12:43:35",91018,"4.1.1","x86_64","mingw32","digitTests","0.1.0","US",89
"2021-09-15","13:15:29",91024,"4.1.1","x86_64","mingw32","digitTests","0.1.0","EG",7742
"2021-09-15","10:31:55",86346,"4.1.0","x86_64","darwin17.0","digitTests","0.1.0","NL",3795
"2021-09-15","18:29:19",529,NA,NA,NA,"digitTests","0.1.0","US",22791
"2021-09-15","13:00:32",91024,"4.1.0","x86_64","mingw32","digitTests","0.1.0","NL",3795
"2021-09-15","09:45:13",91018,"4.1.0","x86_64","mingw32","digitTests","0.1.0","NL",3795
"2021-09-15","17:30:30",91018,"4.1.1","x86_64","mingw32","digitTests","0.1.0","US",89
"2021-09-15","11:23:02",91024,"4.1.0","x86_64","mingw32","digitTests","0.1.0","NL",3795
"2021-09-15","13:53:01",91018,"4.1.1","i386","mingw32","digitTests","0.1.0","US",5341
"2021-09-16","11:14:55",91017,"4.1.0","x86_64","mingw32","digitTests","0.1.0","NL",18632
"2021-09-16","20:30:21",90861,"4.0.0","x86_64","mingw32","digitTests","0.1.0","LV",11891
"2021-09-16","10:30:05",91024,"4.1.1","x86_64","mingw32","digitTests","0.1.0","GB",19559
"2021-09-16","11:12:02",86339,"4.1.0","x86_64","darwin17.0","digitTests","0.1.0","NL",18632
"2021-09-16","09:06:36",86398,NA,NA,NA,"digitTests","0.1.0","US",12
"2021-09-16","09:06:36",86391,NA,NA,NA,"digitTests","0.1.0","US",12
"2021-09-16","09:06:36",536,NA,NA,NA,"digitTests","0.1.0","US",12
"2021-09-16","13:29:50",51330,NA,NA,NA,"digitTests","0.1.0","US",3636
"2021-09-16","09:23:05",536,NA,NA,NA,"digitTests","0.1.0","US",12
"2021-09-16","09:23:05",86376,NA,NA,NA,"digitTests","0.1.0","US",12
"2021-09-16","09:23:05",86369,NA,NA,NA,"digitTests","0.1.0","US",12
"2021-09-16","15:46:04",86342,"4.1.0","x86_64","darwin17.0","digitTests","0.1.0","NL",18632
"2021-09-16","13:10:59",91024,"4.1.1","x86_64","mingw32","digitTests","0.1.0","MK",22231
"2021-09-16","16:14:18",91024,"4.1.0","x86_64","mingw32","digitTests","0.1.0","NL",18632
"2021-09-16","12:05:06",91018,"4.1.1","x86_64","mingw32","digitTests","0.1.0",NA,14
"2021-09-16","16:19:55",86342,"4.1.0","x86_64","darwin17.0","digitTests","0.1.0","NL",18632
"2021-09-17","17:28:18",51393,NA,NA,NA,"digitTests","0.1.0","US",2403
"2021-09-17","14:51:30",91018,"4.1.1","x86_64","mingw32","digitTests","0.1.0","KE",5714
"2021-09-17","02:31:11",91018,"4.1.1","x86_64","mingw32","digitTests","0.1.0","EG",31416
"2021-09-18","09:12:02",86377,NA,NA,NA,"digitTests","0.1.0","US",8
"2021-09-18","09:12:01",530,NA,NA,NA,"digitTests","0.1.0","US",8
"2021-09-18","09:12:01",86370,NA,NA,NA,"digitTests","0.1.0","US",8
"2021-09-18","06:11:57",86395,"4.1.0","x86_64","darwin17.0","digitTests","0.1.0","NL",27139
"2021-09-18","06:13:17",91018,"4.1.0","x86_64","mingw32","digitTests","0.1.0","NL",27139
"2021-09-18","10:30:24",86425,NA,NA,NA,"digitTests","0.1.0","US",8
"2021-09-18","10:30:24",563,NA,NA,NA,"digitTests","0.1.0","US",8
"2021-09-18","10:30:24",86424,NA,NA,NA,"digitTests","0.1.0","US",8
"2021-09-18","11:11:19",86364,"4.1.0","x86_64","darwin17.0","digitTests","0.1.0","NL",27139
"2021-09-18","11:12:37",91024,"4.1.0","x86_64","mingw32","digitTests","0.1.0","NL",27139
"2021-09-19","17:49:21",90968,"4.1.1","x86_64","linux-gnu","digitTests","0.1.0",NA,4
"2021-09-19","23:33:19",51393,NA,NA,NA,"digitTests","0.1.0",NA,4
"2021-09-20","10:45:13",91024,"4.1.0","x86_64","mingw32","digitTests","0.1.0","NL",1509
"2021-09-20","14:19:44",86342,"4.1.0","x86_64","darwin17.0","digitTests","0.1.0","NL",1509
"2021-09-20","14:21:54",91050,"4.1.0","x86_64","mingw32","digitTests","0.1.0","NL",1509
"2021-09-20","11:37:32",86369,NA,NA,NA,"digitTests","0.1.0","US",6
"2021-09-20","11:37:32",536,NA,NA,NA,"digitTests","0.1.0","US",6
"2021-09-20","11:37:32",86376,NA,NA,NA,"digitTests","0.1.0","US",6
"2021-09-20","11:48:53",91024,"4.1.0","x86_64","mingw32","digitTests","0.1.0","NL",1509
"2021-09-20","11:10:49",86357,"4.1.0","x86_64","darwin17.0","digitTests","0.1.0","NL",1509
"2021-09-20","15:19:22",14547,NA,NA,NA,"digitTests","0.1.0","US",25102
"2021-09-20","15:19:30",14524,NA,NA,NA,"digitTests","0.1.0","US",1868
"2021-09-20","03:06:04",51393,"4.0.3","x86_64","mingw32","digitTests","0.1.0","KR",5410
"2021-09-20","11:21:13",86431,NA,NA,NA,"digitTests","0.1.0","US",6
"2021-09-20","11:21:13",569,NA,NA,NA,"digitTests","0.1.0","US",6
"2021-09-20","11:21:13",86424,NA,NA,NA,"digitTests","0.1.0","US",6
"2021-09-20","16:11:41",86340,"4.1.0","x86_64","darwin17.0","digitTests","0.1.0","NL",1509
"2021-09-20","16:12:58",91024,"4.1.0","x86_64","mingw32","digitTests","0.1.0","NL",1509
"2021-09-20","07:13:34",91018,"4.1.1","x86_64","mingw32","digitTests","0.1.0",NA,19
"2021-09-21","19:04:31",14547,NA,NA,NA,"digitTests","0.1.0","US",13337
"2021-09-21","10:55:11",86388,"4.1.0","x86_64","darwin17.0","digitTests","0.1.0","NL",20506
"2021-09-21","10:59:13",91056,"4.1.0","x86_64","mingw32","digitTests","0.1.0","NL",20506
"2021-09-21","10:16:51",91051,"4.1.1","x86_64","mingw32","digitTests","0.1.0","GB",36914
"2021-09-21","06:35:26",91051,"4.1.1","x86_64","mingw32","digitTests","0.1.0",NA,4
"2021-09-21","11:58:17",91051,"4.1.0","x86_64","mingw32","digitTests","0.1.0","NL",20506
"2021-09-21","11:22:51",86377,"4.1.0","x86_64","darwin17.0","digitTests","0.1.0","NL",20506
"2021-09-21","14:47:33",91057,"4.1.0","x86_64","mingw32","digitTests","0.1.0","NL",20506
"2021-09-21","00:40:32",90816,"4.0.5","x86_64","mingw32","digitTests","0.1.0","GB",338
"2021-09-21","19:17:39",90816,"4.0.5","x86_64","mingw32","digitTests","0.1.0",NA,4
"2021-09-26","23:43:49",91050,"4.1.1","x86_64","mingw32","digitTests","0.1.0","US",65
"2021-09-26","23:36:54",91051,"4.1.1","x86_64","mingw32","digitTests","0.1.0",NA,9
"2021-09-26","15:26:31",91018,"4.1.1","x86_64","mingw32","digitTests","0.1.0","EG",6613
"2021-09-26","09:34:01",86425,NA,NA,NA,"digitTests","0.1.0","US",590
"2021-09-26","09:34:01",563,NA,NA,NA,"digitTests","0.1.0","US",590
"2021-09-26","09:34:01",86424,NA,NA,NA,"digitTests","0.1.0","US",590
"2021-09-26","11:16:08",86402,NA,NA,NA,"digitTests","0.1.0","US",590
"2021-09-26","11:16:08",86403,NA,NA,NA,"digitTests","0.1.0","US",590
"2021-09-26","11:16:08",563,NA,NA,NA,"digitTests","0.1.0","US",590
"2021-09-27","20:28:06",91050,"4.1.1","x86_64","mingw32","digitTests","0.1.0","CA",7518
"2021-09-27","20:21:17",86424,"4.1.1","x86_64","darwin17.0","digitTests","0.1.0",NA,10
"2021-09-27","19:34:03",91051,"4.1.1","x86_64","mingw32","digitTests","0.1.0","US",6503
"2021-09-27","01:09:01",86425,"4.1.1","x86_64","darwin17.0","digitTests","0.1.0",NA,10
"2021-09-27","13:38:58",86353,"4.1.0","x86_64","darwin17.0","digitTests","0.1.0","NL",30694
"2021-09-27","13:42:35",91057,"4.1.0","x86_64","mingw32","digitTests","0.1.0","NL",30694
"2021-09-27","22:30:11",51426,NA,NA,NA,"digitTests","0.1.0","US",1135
"2021-09-27","08:36:52",86379,"4.1.0","x86_64","darwin17.0","digitTests","0.1.0","NL",30694
"2021-09-27","15:06:45",91051,"4.1.1","x86_64","mingw32","digitTests","0.1.0","KE",15640
"2021-09-27","08:41:35",91057,"4.1.0","x86_64","mingw32","digitTests","0.1.0","NL",30694
"2021-09-27","20:18:31",86431,"4.1.1","x86_64","darwin17.0","digitTests","0.1.0",NA,10
"2021-09-27","18:21:34",86348,"4.0.2","x86_64","darwin17.0","digitTests","0.1.0","US",9460
"2021-09-27","17:04:54",91018,"4.1.1","x86_64","mingw32","digitTests","0.1.0","EG",1988
"2021-09-27","00:41:08",91051,"4.1.1","x86_64","mingw32","digitTests","0.1.0",NA,10
"2021-09-27","00:41:08",91050,"4.1.1","x86_64","mingw32","digitTests","0.1.0",NA,10
"2021-09-27","20:02:55",91051,"4.1.1","x86_64","mingw32","digitTests","0.1.0",NA,10
"2021-09-27","23:26:50",90893,"4.0.4","x86_64","mingw32","digitTests","0.1.0","US",9994
"2021-09-27","23:03:58",86431,"4.1.1","x86_64","darwin17.0","digitTests","0.1.0",NA,10
"2021-09-27","00:59:26",86349,"4.0.3","x86_64","darwin17.0","digitTests","0.1.0","US",973
"2021-09-27","10:36:35",91051,"4.1.1","x86_64","mingw32","digitTests","0.1.0","MA",11655
"2021-09-27","19:59:50",86379,NA,NA,NA,"digitTests","0.1.0","US",6572
"2021-09-27","21:13:06",86357,"4.1.1","x86_64","darwin17.0","digitTests","0.1.0",NA,10
"2021-09-28","06:12:17",86356,"4.1.0","x86_64","darwin17.0","digitTests","0.1.0","NL",7755
"2021-09-28","09:49:30",569,NA,NA,NA,"digitTests","0.1.0","US",6516
"2021-09-28","09:49:30",86424,NA,NA,NA,"digitTests","0.1.0","US",6516
"2021-09-28","09:49:30",86431,NA,NA,NA,"digitTests","0.1.0","US",6516
"2021-09-28","13:46:18",86359,"4.1.1","x86_64","darwin17.0","digitTests","0.1.0","CO",39419
"2021-09-28","17:49:25",91057,"4.1.1","x86_64","mingw32","digitTests","0.1.0","US",2228
"2021-09-28","07:58:16",86353,"4.1.1","x86_64","darwin17.0","digitTests","0.1.0",NA,7
"2021-09-28","06:14:55",91050,"4.1.0","x86_64","mingw32","digitTests","0.1.0","NL",7755
"2021-09-28","20:15:16",86363,"4.0.4","x86_64","darwin17.0","digitTests","0.1.0",NA,7
"2021-09-28","08:37:09",569,NA,NA,NA,"digitTests","0.1.0","US",6516
"2021-09-28","08:37:09",86402,NA,NA,NA,"digitTests","0.1.0","US",6516
"2021-09-28","08:37:09",86409,NA,NA,NA,"digitTests","0.1.0","US",6516
"2021-09-28","22:01:48",86401,"4.1.1","x86_64","darwin17.0","digitTests","0.1.0","US",4599
"2021-09-28","22:01:18",86373,NA,NA,NA,"digitTests","0.1.0","US",4599
"2021-09-28","02:25:49",51426,"3.6.0","x86_64","mingw32","digitTests","0.1.0","KR",22730
"2021-09-28","21:51:30",86344,"4.0.4","x86_64","darwin17.0","digitTests","0.1.0",NA,7
"2021-09-28","18:25:24",91018,"4.1.1","x86_64","mingw32","digitTests","0.1.0","JP",2243
"2021-09-29","11:45:04",90986,"4.1.1","x86_64","mingw32","digitTests","0.1.0","CL",5321
"2021-09-29","16:16:13",90986,"4.1.0","x86_64","mingw32","digitTests","0.1.0","NL",12684
"2021-09-29","05:27:53",90985,"4.1.1","x86_64","mingw32","digitTests","0.1.0","IN",2782
"2021-09-29","05:27:53",90986,"4.1.1","x86_64","mingw32","digitTests","0.1.0","IN",2782
"2021-09-29","21:58:59",90992,"4.1.1","x86_64","mingw32","digitTests","0.1.0",NA,2
"2021-09-29","02:30:05",86357,"4.1.1","x86_64","darwin17.0","digitTests","0.1.0",NA,2
"2021-09-29","20:35:05",90986,"4.1.1","x86_64","mingw32","digitTests","0.1.0","US",1822
"2021-09-29","13:41:54",90986,"4.1.0","x86_64","mingw32","digitTests","0.1.0","US",68775
"2021-09-29","13:43:09",90992,"4.1.0","x86_64","mingw32","digitTests","0.1.0","US",68808
"2021-09-29","13:43:15",86362,"4.1.0","x86_64","darwin17.0","digitTests","0.1.0","US",1065
"2021-09-29","13:44:03",86368,"4.1.0","x86_64","darwin17.0","digitTests","0.1.0","US",1470
"2021-09-29","21:55:38",86389,"4.1.1","x86_64","darwin17.0","digitTests","0.1.0","US",1819
"2021-09-29","02:27:28",51432,"4.1.1","x86_64","mingw32","digitTests","0.1.0","KR",1491
"2021-09-29","02:27:44",90985,"4.1.1","x86_64","mingw32","digitTests","0.1.0",NA,2
"2021-09-29","07:52:20",90894,"4.0.5","x86_64","mingw32","digitTests","0.1.0","LR",16063
"2021-09-29","18:24:41",568,NA,NA,NA,"digitTests","0.1.0","US",14624
"2021-09-29","18:05:56",86424,"4.1.1","x86_64","darwin17.0","digitTests","0.1.0","US",15573
"2021-09-29","02:13:26",86365,"4.1.1","x86_64","darwin17.0","digitTests","0.1.0",NA,2
"2021-09-29","16:12:16",86388,"4.1.0","x86_64","darwin17.0","digitTests","0.1.0","NL",12684
"2021-09-29","11:09:57",86361,"4.1.0","x86_64","darwin17.0","digitTests","0.1.0","NL",10300
"2021-09-29","17:54:25",90986,"4.1.1","x86_64","mingw32","digitTests","0.1.0","US",37403
"2021-09-29","00:21:42",90986,"4.1.1","x86_64","mingw32","digitTests","0.1.0","US",14131
"2021-09-29","14:29:08",90985,"4.1.0","x86_64","mingw32","digitTests","0.1.0","NL",90901
"2021-09-30","04:48:32",86357,"4.1.1","x86_64","darwin17.0","digitTests","0.1.0",NA,15
"2021-09-30","04:28:55",90986,"4.1.1","x86_64","mingw32","digitTests","0.1.0","JP",44
"2021-09-30","19:04:16",86425,"4.1.1","x86_64","darwin17.0","digitTests","0.1.0",NA,15
"2021-09-30","10:11:35",86402,NA,NA,NA,"digitTests","0.1.0","US",6880
"2021-09-30","10:11:35",86403,NA,NA,NA,"digitTests","0.1.0","US",6880
"2021-09-30","10:11:35",563,NA,NA,NA,"digitTests","0.1.0","US",6880
"2021-09-30","23:02:50",90894,"4.0.4","x86_64","mingw32","digitTests","0.1.0",NA,15
"2021-09-30","21:39:49",90986,"4.1.1","x86_64","mingw32","digitTests","0.1.0","US",2317
"2021-09-30","22:12:26",85927,"4.1.1","aarch64","darwin20","digitTests","0.1.0","US",2317
"2021-09-30","19:35:42",86366,"4.1.1","x86_64","darwin17.0","digitTests","0.1.0",NA,15
"2021-09-30","21:39:49",90986,"4.1.1","x86_64","mingw32","digitTests","0.1.0","US",2317
"2021-09-30","23:54:26",85939,"4.1.1","aarch64","darwin20","digitTests","0.1.0","US",4187
"2021-09-30","19:44:50",51319,NA,NA,NA,"digitTests","0.1.0","US",1617
"2021-09-30","21:47:05",86357,"4.1.1","x86_64","darwin17.0","digitTests","0.1.0",NA,15
"2021-09-30","09:21:17",563,NA,NA,NA,"digitTests","0.1.0","US",6880
"2021-09-30","09:21:17",86425,NA,NA,NA,"digitTests","0.1.0","US",6880
"2021-09-30","09:21:17",86424,NA,NA,NA,"digitTests","0.1.0","US",6880
"2021-10-01","00:25:30",90986,"4.1.1","x86_64","mingw32","digitTests","0.1.0","KR",3086
"2021-10-01","00:26:41",90996,"4.1.1","x86_64","mingw32","digitTests","0.1.0","CA",3077
"2021-10-01","04:30:24",86356,"4.1.1","x86_64","darwin17.0","digitTests","0.1.0","US",6261
"2021-10-01","04:31:16",86432,"4.1.1","x86_64","darwin17.0","digitTests","0.1.0",NA,1
"2021-10-01","01:47:10",51426,"4.1.1","x86_64","mingw32","digitTests","0.1.0","KR",12145
"2021-10-01","00:00:05",90992,"4.1.1","x86_64","mingw32","digitTests","0.1.0","US",1587
"2021-10-01","15:28:48",90986,"4.1.1","x86_64","mingw32","digitTests","0.1.0","MX",17449
"2021-10-01","17:06:23",90986,"4.1.1","x86_64","mingw32","digitTests","0.1.0","US",28962
"2021-10-01","11:03:47",527,NA,NA,NA,"digitTests","0.1.0","FR",8179
"2021-10-01","11:03:56",527,NA,NA,NA,"digitTests","0.1.0","FR",8179
"2021-10-01","10:59:01",51426,"4.0.4","x86_64","mingw32","digitTests","0.1.0",NA,1
"2021-10-02","03:01:24",90959,"4.1.1","x86_64","mingw32","digitTests","0.1.0","JP",2304
"2021-10-02","01:57:23",51326,NA,NA,NA,"digitTests","0.1.0","US",22222
"2021-10-02","10:18:54",569,NA,NA,NA,"digitTests","0.1.0","US",4
"2021-10-02","10:18:54",86409,NA,NA,NA,"digitTests","0.1.0","US",4
"2021-10-02","10:18:54",86402,NA,NA,NA,"digitTests","0.1.0","US",4
"2021-10-02","06:16:23",90986,"4.1.0","x86_64","mingw32","digitTests","0.1.0","NL",23302
"2021-10-02","06:11:57",86363,"4.1.0","x86_64","darwin17.0","digitTests","0.1.0","NL",23302
"2021-10-02","11:47:06",90992,"4.1.1","x86_64","mingw32","digitTests","0.1.0","ZA",29
"2021-10-02","09:26:41",86424,NA,NA,NA,"digitTests","0.1.0","US",4
"2021-10-02","09:26:41",569,NA,NA,NA,"digitTests","0.1.0","US",4
"2021-10-02","09:26:41",86431,NA,NA,NA,"digitTests","0.1.0","US",4
"2021-10-03","16:41:04",86366,NA,NA,NA,"digitTests","0.1.0","US",19995
"2021-10-03","13:42:48",51321,"3.6.2","x86_64","darwin18.7.0","digitTests","0.1.0","LT",1444
"2021-10-03","16:41:07",86381,NA,NA,NA,"digitTests","0.1.0","US",1102
"2021-10-03","23:43:58",86372,NA,NA,NA,"digitTests","0.1.0","US",37196
"2021-10-03","17:15:03",90991,"4.1.0","x86_64","mingw32","digitTests","0.1.0","DE",112
"2021-10-03","12:23:00",51319,"3.6.2","x86_64","darwin18.7.0","digitTests","0.1.0","LT",1444
"2021-10-03","00:17:18",51319,"3.5.1","x86_64","darwin15.6.0","digitTests","0.1.0",NA,23
"2021-10-03","21:42:08",90986,"4.1.1","x86_64","mingw32","digitTests","0.1.0","CO",2636
